"Directory","Status","Name / Address / Phone number","Link"
"Google Business Profile","Processing","Processing your listing. This may be one of the following operations: connecting to a business directory, opting in or opting out of your listing.
","No direct link is available."
"Insider Pages","Processing","Processing your listing. This may be one of the following operations: connecting to a business directory, opting in or opting out of your listing.
","No direct link is available."
"Waze","Processing","Processing your listing. This may be one of the following operations: connecting to a business directory, opting in or opting out of your listing.
","No direct link is available."
"8coupons","Connected","Level Up Digital Marketing
1011 E Main St, Richmond, VA, 23219, US
+1 804-489-8188","https://www.8coupons.com/stores/local/jake-evans-web-design-marketing-highland-springs-23075"
"Amazon Alexa","Connected","Level Up Digital Marketing
1011 E Main St, Richmond, VA, 23219, US
+1 804-489-8188","No direct link is available."
"American Express","Connected","Level Up Digital Marketing
1011 E Main St, Richmond, VA, 23219, US
+1 804-489-8188","No direct link is available."
"Apple","Connected","Level Up Digital Marketing
1011 E Main St, Richmond, VA, 23219, US
+1 804-489-8188","https://maps.apple.com/place?auid=17161028746163148391"
"AroundMe","Connected","Level Up Digital Marketing
1011 E Main St, Richmond, VA, 23219, US
+1 804-489-8188","http://www.yext.com/partnerpages/aroundme/jake-evans-web-design-marketing-highland-springs-virginia-us-816384"
"Better Business Bureau","Connected","Level Up Digital Marketing
1011 E Main St, Richmond, VA, 23219, US
+1 804-489-8188","No direct link is available."
"Bing","Connected","Level Up Digital Marketing
1011 E Main St, Richmond, VA, 23219, US
+1 804-489-8188","http://www.bing.com/maps?ss=ypid.YN873x14717354185346571735&amp;amp;mkt=en-US"
"Brave","Connected","Level Up Digital Marketing
1011 E Main St, Richmond, VA, 23219, US
+1 804-489-8188","No direct link is available."
"Brownbook.net","Connected","Level Up Digital Marketing
1011 E Main St, Richmond, VA, 23219, US
+1 804-489-8188","https://www.brownbook.net/business/51419908/level-up-digital-marketing/"
"Central Index US","Connected","Level Up Digital Marketing
1011 E Main St, Richmond, VA, 23219, US
+1 804-489-8188","https://us.centralindex.com/company/cd6696cd4fedd40bae61823585bc1d47"
"ChamberofCommerce.com","Connected","Level Up Digital Marketing
1011 E Main St, Richmond, VA, 23219, US
+1 804-489-8188","https://www.chamberofcommerce.com/business-directory/virginia/richmond/website-designer/2023027235-level-up-digital-marketing"
"CitySquares","Connected","Level Up Digital Marketing
1011 E Main St, Richmond, VA, 23219, US
+1 804-489-8188","https://citysquares.com/b/level-up-digital-marketing-25124612"
"Cylex","Connected","Level Up Digital Marketing
1011 E Main St, Richmond, VA, 23219, US
+1 804-489-8188","https://www.cylex.us.com/company/level-up-digital-marketing-36788629.html"
"DexKnows","Connected","Level Up Digital Marketing
1011 E Main St, Richmond, VA, 23219, US
+1 804-489-8188","http://www.dexknows.com/richmond-va/bp/level-up-digital-marketing-12879551"
"Dun & Bradstreet","Connected","Level Up Digital Marketing
1011 E Main St, Richmond, VA, 23219, US
+1 804-489-8188","No direct link is available."
"eLocal","Connected","Level Up Digital Marketing
1011 E Main St, Richmond, VA, 23219, US
+1 804-489-8188","https://www.elocal.com/profile/level-up-digital-marketing-21647193"
"EZlocal","Connected","Level Up Digital Marketing
1011 E Main St, Richmond, VA, 23219, US
+1 804-489-8188","http://ezlocal.com/va/richmond/website-designer/0917614466"
"Facebook","Connected","Level Up Digital Marketing
1011 E Main St, Richmond, VA, 23219, US
+1 804-489-8188","https://www.facebook.com/1860316087569528"
"Find Open","Connected","Level Up Digital Marketing
1011 E Main St, Richmond, VA, 23219, US
+1 804-489-8188","https://www.cylex.us.com/company/level-up-digital-marketing-36788629.html"
"Foursquare","Connected","Level Up Digital Marketing
1011 E Main St, Richmond, VA, 23219, US
+1 804-489-8188","No direct link is available."
"GoLocal247","Connected","Level Up Digital Marketing
1011 E Main St, Richmond, VA, 23219, US
+1 804-489-8188","https://www.golocal247.com/biz/level-up-digital-marketing/richmond-va/YEXT3283275"
"HERE","Connected","Level Up Digital Marketing
1011 E Main St, Richmond, VA, 23219, US
+1 804-489-8188","No direct link is available."
"HotFrog","Connected","Level Up Digital Marketing
1011 E Main St, Richmond, VA, 23219, US
+1 804-489-8188","https://www.hotfrog.com/company/719e9bbc26606cdd4a0972c563282792"
"Hours.com","Connected","Level Up Digital Marketing
1011 E Main St, Richmond, VA, 23219, US
+1 804-489-8188","https://www.hours.com/us/Level-Up-Digital-Marketing/Warsaw/1011-E-Main-St-Suite-222/"
"iBegin","Connected","Level Up Digital Marketing
1011 E Main St, Richmond, VA, 23219, US
+1 804-489-8188","https://www.ibegin.com/directory/visit/18929469"
"iGlobal","Connected","Level Up Digital Marketing
1011 E Main St, Richmond, VA, 23219, US
+1 804-489-8188","https://www.iglobal.co/united-states/highland-springs/jake-evans-web-design-marketing"
"Instacart","Connected","Level Up Digital Marketing
1011 E Main St, Richmond, VA, 23219, US
+1 804-489-8188","No direct link is available."
"Instagram","Connected","Level Up Digital Marketing
1011 E Main St, Richmond, VA, 23219, US
+1 804-489-8188","https://www.instagram.com/explore/locations/1860316087569528/"
"Mapbox","Connected","Level Up Digital Marketing
1011 E Main St, Richmond, VA, 23219, US
+1 804-489-8188","No direct link is available."
"MapQuest","Connected","Level Up Digital Marketing
1011 E Main St, Richmond, VA, 23219, US
+1 804-489-8188","http://www.mapquest.com/places/-453716587/"
"Mapstr","Connected","Level Up Digital Marketing
1011 E Main St, Richmond, VA, 23219, US
+1 804-489-8188","No direct link is available."
"MerchantCircle","Connected","Level Up Digital Marketing
1011 E Main St, Richmond, VA, 23219, US
+1 804-489-8188","https://www.merchantcircle.com/level-up-digital-marketing-richmond-va"
"Money Mailer","Connected","Level Up Digital Marketing
1011 E Main St, Richmond, VA, 23219, US
+1 804-489-8188","No direct link is available."
"My Local Services","Connected","Level Up Digital Marketing
1011 E Main St, Richmond, VA, 23219, US
+1 804-489-8188","https://www.mylocalservices.com/Level+Up+Digital+Marketing-Richmond-Virginia-23912032.html"
"n49","Connected","Level Up Digital Marketing
1011 E Main St, Richmond, VA, 23219, US
+1 804-489-8188","http://www.n49.com/biz/5291690/level-up-digital-marketing-va-richmond-1011-e-main-st/"
"Navmii","Connected","Level Up Digital Marketing
1011 E Main St, Richmond, VA, 23219, US
+1 804-489-8188","http://www.yext.com/partnerpages/navmii/jake-evans-web-design-marketing-highland-springs-virginia-us-816384"
"Nextdoor","Connected","Level Up Digital Marketing
1011 E Main St, Richmond, VA, 23219, US
+1 804-489-8188","https://nextdoor.com/pages/jake-evans-web-design-marketing-highland-springs-va"
"OpenAI","Connected","Level Up Digital Marketing
1011 E Main St, Richmond, VA, 23219, US
+1 804-489-8188","No direct link is available."
"Opendi","Connected","Level Up Digital Marketing
1011 E Main St, Richmond, VA, 23219, US
+1 804-489-8188","https://richmond-va-richmond-city.opendi.us/10616872.html"
"Pitney Bowes","Connected","Level Up Digital Marketing
1011 E Main St, Richmond, VA, 23219, US
+1 804-489-8188","No direct link is available."
"Property Capsule","Connected","Level Up Digital Marketing
1011 E Main St, Richmond, VA, 23219, US
+1 804-489-8188","https://maps.propertycapsule.com/internal/listing/3663497/profile"
"SafeGraph","Connected","Level Up Digital Marketing
1011 E Main St, Richmond, VA, 23219, US
+1 804-489-8188","No direct link is available."
"ShowMeLocal","Connected","Level Up Digital Marketing
1011 E Main St, Richmond, VA, 23219, US
+1 804-489-8188","https://www.showmelocal.com/profile.aspx?bid=35783772"
"Siri","Connected","Level Up Digital Marketing
1011 E Main St, Richmond, VA, 23219, US
+1 804-489-8188","https://maps.apple.com/place?auid=17161028746163148391"
"Snapchat","Connected","Level Up Digital Marketing
1011 E Main St, Richmond, VA, 23219, US
+1 804-489-8188","No direct link is available."
"Soleo","Connected","Level Up Digital Marketing
1011 E Main St, Richmond, VA, 23219, US
+1 804-489-8188","No direct link is available."
"Superpages","Connected","Level Up Digital Marketing
1011 E Main St, Richmond, VA, 23219, US
+1 804-489-8188","http://www.superpages.com/richmond-va/bpp/level-up-digital-marketing-12879551"
"tellows","Connected","Level Up Digital Marketing
1011 E Main St, Richmond, VA, 23219, US
+1 804-489-8188","https://www.tellows.com/num/8044898188"
"TikTok","Connected","Level Up Digital Marketing
1011 E Main St, Richmond, VA, 23219, US
+1 804-489-8188","No direct link is available."
"TomTom","Connected","Level Up Digital Marketing
1011 E Main St, Richmond, VA, 23219, US
+1 804-489-8188","No direct link is available."
"Top Rated Local","Connected","Level Up Digital Marketing
1011 E Main St, Richmond, VA, 23219, US
+1 804-489-8188","https://www.topratedlocal.com/v3.0/yext/publisher/profile/80398580"
"Tupalo","Connected","Level Up Digital Marketing
1011 E Main St, Richmond, VA, 23219, US
+1 804-489-8188","https://www.tupalo.co/richmond-virginia/level-up-digital-marketing"
"Uber","Connected","Level Up Digital Marketing
1011 E Main St, Richmond, VA, 23219, US
+1 804-489-8188","No direct link is available."
"USCity.net","Connected","Level Up Digital Marketing
1011 E Main St, Richmond, VA, 23219, US
+1 804-489-8188","https://uscity.net/listing/level_up_digital_marketing-11180025"
"Where To?","Connected","Level Up Digital Marketing
1011 E Main St, Richmond, VA, 23219, US
+1 804-489-8188","https://wheretoapp.com/search?poi=948586688496317631"
"wogibtswas.de","Connected","Level Up Digital Marketing
1011 E Main St, Richmond, VA, 23219, US
+1 804-489-8188","https://wogibtswas.de/location/1141459-Level+Up+Digital+Marketing"
"Yahoo!","Connected","Level Up Digital Marketing
1011 E Main St, Richmond, VA, 23219, US
+1 804-489-8188","No direct link is available."
"Yandex","Connected","Level Up Digital Marketing
1011 E Main St, Richmond, VA, 23219, US
+1 804-489-8188","No direct link is available."
"YellowPagesDirectory","Connected","Level Up Digital Marketing
1011 E Main St, Richmond, VA, 23219, US
+1 804-489-8188","https://www.yellowpagesdirectory.com/?page=show&state=VA&id=615584"
"Yelp","Connected","Level Up Digital Marketing
1011 E Main St, Richmond, VA, 23219, US
+1 804-489-8188","https://www.yelp.com/biz/jake-evans-highland-springs-5?adjust_creative=MFyzcjahxBMNAyHg85HGjg&utm_campaign=yelp_api_v3&utm_medium=api_v3_business_lookup&utm_source=MFyzcjahxBMNAyHg85HGjg"
"YP.com","Connected","Level Up Digital Marketing
1011 E Main St, Richmond, VA, 23219, US
+1 804-489-8188","http://www.yellowpages.com/richmond-va/mip/level-up-digital-marketing-12879551?from=yext"
"Postmates","Disconnected","Level Up Digital Marketing
1011 E Main St, Richmond, VA, 23219, US
+1 804-489-8188","No direct link is available."
"Uber Eats","Disconnected","Level Up Digital Marketing
1011 E Main St, Richmond, VA, 23219, US
+1 804-489-8188","No direct link is available."
"Citysearch","Processing","Processing your listing. This may be one of the following operations: connecting to a business directory, opting in or opting out of your listing.
","No direct link is available."